{"cameraMode":{"drawMode":0,"name":"Shaded","section":"Shading Mode"},"sceneLighting":false,"audioPlay":false,"sceneViewState":{"showFog":true,"showMaterialUpdate":false,"showSkybox":false,"showFlares":true,"showImageEffects":true,"showParticleSystems":true},"in2DMode":false,"pivot":{"x":4.108022689819336,"y":7.421441078186035,"z":-40.52000045776367},"rotation":{"x":-0.1742221564054489,"y":0.5099315643310547,"z":-0.10628435760736466,"w":-0.8357961177825928},"size":9.270942687988282,"orthographic":true}