{"cameraMode":{"drawMode":0,"name":"Shaded","section":"Shading Mode"},"sceneLighting":false,"audioPlay":false,"sceneViewState":{"showFog":true,"showMaterialUpdate":true,"showSkybox":false,"showFlares":true,"showImageEffects":true,"showParticleSystems":true},"in2DMode":false,"pivot":{"x":-0.12269628047943115,"y":0.15435868501663209,"z":0.08953577280044556},"rotation":{"x":0.12947650253772736,"y":-0.48792824149131777,"z":0.07342823594808579,"w":0.8601385354995728},"size":1.631609320640564,"orthographic":true}