{"cameraMode":{"drawMode":0,"name":"Shaded","section":"Shading Mode"},"sceneLighting":false,"audioPlay":false,"sceneViewState":{"showFog":true,"showMaterialUpdate":false,"showSkybox":false,"showFlares":true,"showImageEffects":true,"showParticleSystems":true},"in2DMode":false,"pivot":{"x":-6.4140625,"y":18.09210205078125,"z":-23.963623046875},"rotation":{"x":0.05291955918073654,"y":-0.6509986519813538,"z":0.04557785019278526,"w":0.7558594942092896},"size":12.089385986328125,"orthographic":true}