{"cameraMode":{"drawMode":0,"name":"Shaded","section":"Shading Mode"},"sceneLighting":false,"audioPlay":false,"sceneViewState":{"showFog":true,"showMaterialUpdate":false,"showSkybox":false,"showFlares":true,"showImageEffects":true,"showParticleSystems":true},"in2DMode":false,"pivot":{"x":-1.8198285102844239,"y":4.569958209991455,"z":-38.013545989990237},"rotation":{"x":-0.0059029171243309979,"y":0.6849026679992676,"z":0.005549128632992506,"w":0.7285908460617065},"size":3.1052913665771486,"orthographic":true}