{"cameraMode":{"drawMode":0,"name":"Shaded","section":"Shading Mode"},"sceneLighting":false,"audioPlay":false,"sceneViewState":{"showFog":true,"showMaterialUpdate":false,"showSkybox":false,"showFlares":true,"showImageEffects":true,"showParticleSystems":true},"in2DMode":false,"pivot":{"x":0.4070301055908203,"y":34.81371307373047,"z":27.160932540893556},"rotation":{"x":0.22842387855052949,"y":-0.24792438745498658,"z":0.06031903624534607,"w":0.9395695328712463},"size":6.860764980316162,"orthographic":true}