{"cameraMode":{"drawMode":0,"name":"Shaded","section":"Shading Mode"},"sceneLighting":false,"audioPlay":false,"sceneViewState":{"showFog":true,"showMaterialUpdate":true,"showSkybox":false,"showFlares":true,"showImageEffects":true,"showParticleSystems":true},"in2DMode":false,"pivot":{"x":27.02583885192871,"y":155.6177978515625,"z":-146.70928955078126},"rotation":{"x":0.04678376391530037,"y":-0.6244802474975586,"z":0.03751052916049957,"w":0.7787501811981201},"size":1.8073796033859254,"orthographic":true}