{"cameraMode":{"drawMode":0,"name":"Shaded","section":"Shading Mode"},"sceneLighting":false,"audioPlay":false,"sceneViewState":{"showFog":true,"showMaterialUpdate":false,"showSkybox":false,"showFlares":true,"showImageEffects":true,"showParticleSystems":true},"in2DMode":false,"pivot":{"x":12.387816429138184,"y":0.8803402185440064,"z":64.093017578125},"rotation":{"x":0.07582253217697144,"y":-0.7245426177978516,"z":0.08075568825006485,"w":0.6802753210067749},"size":3.0160999298095705,"orthographic":true}