{"cameraMode":{"drawMode":0,"name":"Shaded","section":"Shading Mode"},"sceneLighting":false,"audioPlay":false,"sceneViewState":{"showFog":true,"showMaterialUpdate":false,"showSkybox":false,"showFlares":true,"showImageEffects":true,"showParticleSystems":true},"in2DMode":false,"pivot":{"x":3.6996407508850099,"y":-6.699984073638916,"z":81.79998016357422},"rotation":{"x":-0.17187827825546266,"y":-0.4885408580303192,"z":0.09872154146432877,"w":-0.8499072194099426},"size":3.4392688274383547,"orthographic":true}