{"cameraMode":{"drawMode":0,"name":"Shaded","section":"Shading Mode"},"sceneLighting":false,"audioPlay":false,"sceneViewState":{"showFog":true,"showMaterialUpdate":true,"showSkybox":false,"showFlares":true,"showImageEffects":true,"showParticleSystems":true},"in2DMode":false,"pivot":{"x":37.799156188964847,"y":-946.8468017578125,"z":-52.85887145996094},"rotation":{"x":0.13613374531269074,"y":-0.31310373544692995,"z":0.045411624014377597,"w":0.938848614692688},"size":54.51085662841797,"orthographic":true}