{"cameraMode":{"drawMode":0,"name":"Shaded","section":"Shading Mode"},"sceneLighting":false,"audioPlay":false,"sceneViewState":{"showFog":true,"showMaterialUpdate":false,"showSkybox":false,"showFlares":true,"showImageEffects":true,"showParticleSystems":true},"in2DMode":false,"pivot":{"x":1.4028372764587403,"y":6.020035743713379,"z":-23.395845413208009},"rotation":{"x":0.07112715393304825,"y":-0.1529364436864853,"z":0.01082634273916483,"w":0.9857385754585266},"size":3.421245813369751,"orthographic":true}