{"cameraMode":{"drawMode":0,"name":"Shaded","section":"Shading Mode"},"sceneLighting":false,"audioPlay":false,"sceneViewState":{"showFog":true,"showMaterialUpdate":false,"showSkybox":false,"showFlares":true,"showImageEffects":true,"showParticleSystems":true},"in2DMode":false,"pivot":{"x":0.89208984375,"y":-6.136011123657227,"z":83.59394073486328},"rotation":{"x":0.21456383168697358,"y":0.3396337032318115,"z":-0.07988160848617554,"w":0.9122679233551025},"size":3.2396743297576906,"orthographic":true}