{"cameraMode":{"drawMode":0,"name":"Shaded","section":"Shading Mode"},"sceneLighting":false,"audioPlay":false,"sceneViewState":{"showFog":true,"showMaterialUpdate":true,"showSkybox":false,"showFlares":true,"showImageEffects":true,"showParticleSystems":true},"in2DMode":false,"pivot":{"x":1.4370837211608887,"y":-5.494329452514648,"z":-104.01919555664063},"rotation":{"x":0.07939786463975907,"y":0.021532351151108743,"z":-0.0017177192494273186,"w":0.9966146349906921},"size":3.4973931312561037,"orthographic":true}