{"cameraMode":{"drawMode":0,"name":"Shaded","section":"Shading Mode"},"sceneLighting":false,"audioPlay":false,"sceneViewState":{"showFog":true,"showMaterialUpdate":false,"showSkybox":false,"showFlares":true,"showImageEffects":true,"showParticleSystems":true},"in2DMode":false,"pivot":{"x":-30.99789810180664,"y":21.662071228027345,"z":-33.60806655883789},"rotation":{"x":0.26801010966300967,"y":0.27490749955177309,"z":-0.08009523153305054,"w":0.9198976755142212},"size":54.72863006591797,"orthographic":true}