{"cameraMode":{"drawMode":0,"name":"Shaded","section":"Shading Mode"},"sceneLighting":false,"audioPlay":false,"sceneViewState":{"showFog":true,"showMaterialUpdate":true,"showSkybox":false,"showFlares":true,"showImageEffects":true,"showParticleSystems":true},"in2DMode":false,"pivot":{"x":0.2950577735900879,"y":0.13018059730529786,"z":-251.4801483154297},"rotation":{"x":0.13844794034957887,"y":-0.5420984625816345,"z":0.09110307693481446,"w":0.8238198757171631},"size":9.9535493850708,"orthographic":true}