{"cameraMode":{"drawMode":0,"name":"Shaded","section":"Shading Mode"},"sceneLighting":false,"audioPlay":false,"sceneViewState":{"showFog":true,"showMaterialUpdate":false,"showSkybox":false,"showFlares":true,"showImageEffects":true,"showParticleSystems":true},"in2DMode":false,"pivot":{"x":-11.199939727783204,"y":23.933704376220704,"z":-55.09734344482422},"rotation":{"x":0.001851840759627521,"y":0.6353783011436462,"z":-0.0015234717866405845,"w":0.7721987962722778},"size":4.947591781616211,"orthographic":true}