{"cameraMode":{"drawMode":0,"name":"Shaded","section":"Shading Mode"},"sceneLighting":false,"audioPlay":false,"sceneViewState":{"showFog":true,"showMaterialUpdate":false,"showSkybox":false,"showFlares":true,"showImageEffects":true,"showParticleSystems":true},"in2DMode":false,"pivot":{"x":-3.0269775390625,"y":15.467041015625,"z":99.115234375},"rotation":{"x":0.10114900022745133,"y":-0.601101815700531,"z":0.07706602662801743,"w":0.7890737056732178},"size":13.734833717346192,"orthographic":true}