{"cameraMode":{"drawMode":0,"name":"Shaded","section":"Shading Mode"},"sceneLighting":false,"audioPlay":false,"sceneViewState":{"showFog":true,"showMaterialUpdate":false,"showSkybox":false,"showFlares":true,"showImageEffects":true,"showParticleSystems":true},"in2DMode":false,"pivot":{"x":-2.3905701637268068,"y":17.590503692626954,"z":-22.275083541870118},"rotation":{"x":0.19443581998348237,"y":-0.2654781937599182,"z":0.05475505813956261,"w":0.9427200555801392},"size":16.825355529785158,"orthographic":true}