{"cameraMode":{"drawMode":0,"name":"Shaded","section":"Shading Mode"},"sceneLighting":false,"audioPlay":false,"sceneViewState":{"showFog":true,"showMaterialUpdate":true,"showSkybox":false,"showFlares":true,"showImageEffects":true,"showParticleSystems":true},"in2DMode":false,"pivot":{"x":2.370972156524658,"y":1.9735548496246338,"z":-100.11666107177735},"rotation":{"x":0.2681778371334076,"y":0.002024557441473007,"z":-0.0005654607084579766,"w":0.9633737206459045},"size":5.850835800170898,"orthographic":true}