{"cameraMode":{"drawMode":0,"name":"Shaded","section":"Shading Mode"},"sceneLighting":false,"audioPlay":false,"sceneViewState":{"showFog":true,"showMaterialUpdate":true,"showSkybox":false,"showFlares":true,"showImageEffects":true,"showParticleSystems":true},"in2DMode":false,"pivot":{"x":13.021295547485352,"y":156.898193359375,"z":-145.1170196533203},"rotation":{"x":0.23924127221107484,"y":-0.20864397287368775,"z":0.05272029712796211,"w":0.9468129277229309},"size":5.620182037353516,"orthographic":true}