{"cameraMode":{"drawMode":0,"name":"Shaded","section":"Shading Mode"},"sceneLighting":false,"audioPlay":false,"sceneViewState":{"showFog":true,"showMaterialUpdate":false,"showSkybox":false,"showFlares":true,"showImageEffects":true,"showParticleSystems":true},"in2DMode":false,"pivot":{"x":9.327324867248536,"y":0.6433974504470825,"z":66.85377502441406},"rotation":{"x":0.006149492226541042,"y":-0.8433318138122559,"z":0.009599230252206326,"w":0.5373363494873047},"size":0.9100247621536255,"orthographic":true}