{"cameraMode":{"drawMode":0,"name":"Shaded","section":"Shading Mode"},"sceneLighting":false,"audioPlay":false,"sceneViewState":{"showFog":true,"showMaterialUpdate":false,"showSkybox":false,"showFlares":true,"showImageEffects":true,"showParticleSystems":true},"in2DMode":false,"pivot":{"x":-2.23681640625,"y":10.306732177734375,"z":-117.65234375},"rotation":{"x":0.045589007437229159,"y":0.31232118606567385,"z":-0.01496834959834814,"w":0.9488061666488648},"size":3.0125861167907717,"orthographic":true}