{"cameraMode":{"drawMode":0,"name":"Shaded","section":"Shading Mode"},"sceneLighting":false,"audioPlay":false,"sceneViewState":{"showFog":true,"showMaterialUpdate":false,"showSkybox":false,"showFlares":true,"showImageEffects":true,"showParticleSystems":true},"in2DMode":false,"pivot":{"x":-15.840241432189942,"y":11.814604759216309,"z":58.54999923706055},"rotation":{"x":0.07343657314777374,"y":0.005982410628348589,"z":-0.0004591778852045536,"w":0.9973479509353638},"size":9.154583930969239,"orthographic":true}