{"cameraMode":{"drawMode":0,"name":"Shaded","section":"Shading Mode"},"sceneLighting":false,"audioPlay":false,"sceneViewState":{"showFog":true,"showMaterialUpdate":false,"showSkybox":false,"showFlares":true,"showImageEffects":true,"showParticleSystems":true},"in2DMode":false,"pivot":{"x":-0.1199951171875,"y":13.46026611328125,"z":-19.361328125},"rotation":{"x":0.5144841074943543,"y":0.034709010273218158,"z":-0.02084800787270069,"w":0.8565438389778137},"size":7.798880577087402,"orthographic":true}