{"cameraMode":{"drawMode":0,"name":"Shaded","section":"Shading Mode"},"sceneLighting":false,"audioPlay":false,"sceneViewState":{"showFog":true,"showMaterialUpdate":true,"showSkybox":false,"showFlares":true,"showImageEffects":true,"showParticleSystems":true},"in2DMode":false,"pivot":{"x":8.863222122192383,"y":12.85161304473877,"z":-222.26046752929688},"rotation":{"x":0.13613374531269074,"y":-0.31310373544692995,"z":0.045411624014377597,"w":0.938848614692688},"size":19.211639404296876,"orthographic":true}