{"cameraMode":{"drawMode":0,"name":"Shaded","section":"Shading Mode"},"sceneLighting":false,"audioPlay":false,"sceneViewState":{"showFog":true,"showMaterialUpdate":true,"showSkybox":false,"showFlares":true,"showImageEffects":true,"showParticleSystems":true},"in2DMode":false,"pivot":{"x":-1.026379108428955,"y":27.183286666870118,"z":-207.54425048828126},"rotation":{"x":0.09534604847431183,"y":-0.10224412381649018,"z":0.009843685664236546,"w":0.9901361465454102},"size":7.131650924682617,"orthographic":true}