{"cameraMode":{"drawMode":0,"name":"Shaded","section":"Shading Mode"},"sceneLighting":false,"audioPlay":false,"sceneViewState":{"showFog":true,"showMaterialUpdate":false,"showSkybox":false,"showFlares":true,"showImageEffects":true,"showParticleSystems":true},"in2DMode":false,"pivot":{"x":12.173336029052735,"y":1.8098264932632447,"z":64.17497253417969},"rotation":{"x":0.06546949595212937,"y":-0.8378749489784241,"z":0.10306200385093689,"w":0.5320914387702942},"size":2.1922717094421388,"orthographic":true}