{"cameraMode":{"drawMode":0,"name":"Shaded","section":"Shading Mode"},"sceneLighting":false,"audioPlay":false,"sceneViewState":{"showFog":true,"showMaterialUpdate":false,"showSkybox":false,"showFlares":true,"showImageEffects":true,"showParticleSystems":true},"in2DMode":false,"pivot":{"x":-0.1205952912569046,"y":1.917648196220398,"z":86.96875},"rotation":{"x":0.034319110214710239,"y":0.10027141869068146,"z":-0.0034607346169650556,"w":0.9943615794181824},"size":18.09955406188965,"orthographic":true}