{"cameraMode":{"drawMode":0,"name":"Shaded","section":"Shading Mode"},"sceneLighting":false,"audioPlay":false,"sceneViewState":{"showFog":true,"showMaterialUpdate":false,"showSkybox":false,"showFlares":true,"showImageEffects":true,"showParticleSystems":true},"in2DMode":false,"pivot":{"x":0.9499826431274414,"y":34.66112518310547,"z":26.73816680908203},"rotation":{"x":0.22842387855052949,"y":-0.24792438745498658,"z":0.06031903624534607,"w":0.9395695328712463},"size":12.549651145935059,"orthographic":true}