{"cameraMode":{"drawMode":0,"name":"Shaded","section":"Shading Mode"},"sceneLighting":false,"audioPlay":false,"sceneViewState":{"showFog":true,"showMaterialUpdate":false,"showSkybox":false,"showFlares":true,"showImageEffects":true,"showParticleSystems":true},"in2DMode":false,"pivot":{"x":7.761904239654541,"y":3.9396233558654787,"z":73.92378997802735},"rotation":{"x":0.0314500592648983,"y":-0.7710667252540588,"z":0.03819882124662399,"w":0.634830117225647},"size":7.1716718673706059,"orthographic":true}