{"cameraMode":{"drawMode":0,"name":"Shaded","section":"Shading Mode"},"sceneLighting":false,"audioPlay":false,"sceneViewState":{"showFog":true,"showMaterialUpdate":true,"showSkybox":false,"showFlares":true,"showImageEffects":true,"showParticleSystems":true},"in2DMode":false,"pivot":{"x":-61.97674560546875,"y":528.9332885742188,"z":-162.05250549316407},"rotation":{"x":0.1844121515750885,"y":-0.5833867788314819,"z":0.1381356120109558,"w":0.778826892375946},"size":22.59030532836914,"orthographic":true}