{"cameraMode":{"drawMode":0,"name":"Shaded","section":"Shading Mode"},"sceneLighting":false,"audioPlay":false,"sceneViewState":{"showFog":true,"showMaterialUpdate":false,"showSkybox":false,"showFlares":true,"showImageEffects":true,"showParticleSystems":true},"in2DMode":false,"pivot":{"x":1.100000023841858,"y":20.170000076293947,"z":-8.699999809265137},"rotation":{"x":0.16087988018989564,"y":-0.2382006198167801,"z":0.039882734417915347,"w":0.957081139087677},"size":2.1914150714874269,"orthographic":true}