{"cameraMode":{"drawMode":0,"name":"Shaded","section":"Shading Mode"},"sceneLighting":false,"audioPlay":false,"sceneViewState":{"showFog":true,"showMaterialUpdate":true,"showSkybox":false,"showFlares":true,"showImageEffects":true,"showParticleSystems":true},"in2DMode":false,"pivot":{"x":30.4252986907959,"y":5.22788143157959,"z":1810.02978515625},"rotation":{"x":0.09201511740684509,"y":-0.8905801773071289,"z":0.20805314183235169,"w":0.3938663899898529},"size":7.227219581604004,"orthographic":true}