{"cameraMode":{"drawMode":0,"name":"Shaded","section":"Shading Mode"},"sceneLighting":false,"audioPlay":false,"sceneViewState":{"showFog":true,"showMaterialUpdate":false,"showSkybox":false,"showFlares":true,"showImageEffects":true,"showParticleSystems":true},"in2DMode":false,"pivot":{"x":-1.999999761581421,"y":35.0,"z":7.599999904632568},"rotation":{"x":-0.0011320405174046755,"y":-0.9983614683151245,"z":0.053963515907526019,"w":-0.020671917125582696},"size":3.059814214706421,"orthographic":true}